{"mean":{"confidence_interval":{"confidence_level":0.95,"lower_bound":-0.07306761275972645,"upper_bound":-0.058769453965398136},"point_estimate":-0.06479267266728228,"standard_error":0.003731170734035345},"median":{"confidence_interval":{"confidence_level":0.95,"lower_bound":-0.05988870666314827,"upper_bound":-0.055918123646559015},"point_estimate":-0.05733205220056703,"standard_error":0.0011229698126979954}}